-- phpMyAdmin SQL Dump
-- version 5.0.2
-- https://www.phpmyadmin.net/
--
-- 主机： 127.0.0.1:cgd
-- 生成日期： 2020-05-14 15:21:44
-- 服务器版本： 10.4.11-MariaDB
-- PHP 版本： 7.4.4

SET SQL_MODE = "NO_AUTO_VALUE_ON_ZERO";
START TRANSACTION;
SET time_zone = "+00:00";


/*!40101 SET @OLD_CHARACTER_SET_CLIENT=@@CHARACTER_SET_CLIENT */;
/*!40101 SET @OLD_CHARACTER_SET_RESULTS=@@CHARACTER_SET_RESULTS */;
/*!40101 SET @OLD_COLLATION_CONNECTION=@@COLLATION_CONNECTION */;
/*!40101 SET NAMES utf8mb4 */;

--
-- 数据库： `humanresource`
--

-- --------------------------------------------------------

--
-- 表的结构 `company`
--

CREATE TABLE `company` (
  `id` int(11) NOT NULL,
  `company_name` varchar(20) NOT NULL,
  `company_adress` varchar(50) NOT NULL,
  `begin_time` varchar(50) NOT NULL,
  `finish_time` varchar(50) NOT NULL
) ENGINE=InnoDB DEFAULT CHARSET=utf8mb4;

--
-- 转存表中的数据 `company`
--

INSERT INTO `company` (`id`, `company_name`, `company_adress`, `begin_time`, `finish_time`) VALUES
(1, '阿里巴巴', '杭州阿里巴巴', '9:00', '20:00');

-- --------------------------------------------------------

--
-- 表的结构 `outjob`
--

CREATE TABLE `outjob` (
  `id` int(11) NOT NULL,
  `user_id` varchar(10) NOT NULL,
  `out_time` varchar(50) NOT NULL,
  `out_reason` varchar(200) NOT NULL,
  `create_time` datetime NOT NULL DEFAULT current_timestamp(),
  `out_status` varchar(10) NOT NULL
) ENGINE=InnoDB DEFAULT CHARSET=utf8mb4;

--
-- 转存表中的数据 `outjob`
--

INSERT INTO `outjob` (`id`, `user_id`, `out_time`, `out_reason`, `create_time`, `out_status`) VALUES
(1, '5', '2020-5-20', '这点钱我很难办事啊', '0000-00-00 00:00:00', '2'),
(2, '4', '2020-5-30', '世界这么大我想去看看', '0000-00-00 00:00:00', '1'),
(3, '11', '1', '11', '2020-05-11 01:36:44', '11'),
(4, '131', '2020-05-15', '家里拆迁了', '2020-05-12 23:34:11', '1');

-- --------------------------------------------------------

--
-- 表的结构 `salary`
--

CREATE TABLE `salary` (
  `salary_id` int(11) NOT NULL,
  `user_id` varchar(11) NOT NULL,
  `money_num` varchar(11) NOT NULL,
  `salary_time` varchar(11) NOT NULL,
  `salary_status` varchar(10) NOT NULL DEFAULT '0',
  `before_num` varchar(10) DEFAULT '0',
  `after_num` varchar(10) DEFAULT '0',
  `leave_num` varchar(11) DEFAULT '0'
) ENGINE=InnoDB DEFAULT CHARSET=utf8mb4;

--
-- 转存表中的数据 `salary`
--

INSERT INTO `salary` (`salary_id`, `user_id`, `money_num`, `salary_time`, `salary_status`, `before_num`, `after_num`, `leave_num`) VALUES
(1, '4', '5000', '2020-3', '1', '0', '0', '0'),
(2, '3', '5000', '2020-3', '1', '0', '0', '0'),
(3, '5', '5000', '2020-3', '1', '0', '0', '0'),
(12, '4', '5000', '2020-3', '1', '0', '0', '0'),
(13, '3', '5000', '2020-3', '1', '0', '0', '0'),
(14, '5', '5000', '2020-3', '0', '0', '0', '0'),
(35, '3', '4813.33', '2020-04', '0', '1', '1', '1'),
(36, '4', '4833.33', '2020-04', '0', '0', '0', '1'),
(37, '5', '4833.33', '2020-04', '0', '0', '0', '1'),
(38, '99', '4783.33', '2020-04', '0', '3', '2', '1'),
(39, '131', '5000.00', '2020-04', '0', '0', '0', '0');

-- --------------------------------------------------------

--
-- 表的结构 `signed`
--

CREATE TABLE `signed` (
  `id` int(100) NOT NULL,
  `begin_time` varchar(50) DEFAULT NULL,
  `begin_status` varchar(5) DEFAULT NULL,
  `finish_time` varchar(50) DEFAULT NULL,
  `finish_status` varchar(5) DEFAULT NULL,
  `is_out` varchar(5) DEFAULT NULL,
  `user_id` varchar(10) NOT NULL,
  `today_time` varchar(100) NOT NULL
) ENGINE=InnoDB DEFAULT CHARSET=utf8mb4;

--
-- 转存表中的数据 `signed`
--

INSERT INTO `signed` (`id`, `begin_time`, `begin_status`, `finish_time`, `finish_status`, `is_out`, `user_id`, `today_time`) VALUES
(2675, '7.50', '1', '18.01', '1', '0', '3', '2020-04-01'),
(2676, '7.50', '1', '18.01', '1', '0', '4', '2020-04-01'),
(2677, '7.50', '1', '18.01', '1', '0', '5', '2020-04-01'),
(2678, '7.50', '1', '18.01', '1', '0', '99', '2020-04-01'),
(2679, '7.50', '1', '18.01', '1', '0', '3', '2020-04-02'),
(2680, '7.50', '1', '18.01', '1', '0', '4', '2020-04-02'),
(2681, '7.50', '1', '18.01', '1', '0', '5', '2020-04-02'),
(2682, '8.50', '0', '18.01', '1', '0', '99', '2020-04-02'),
(2683, '7.50', '1', '18.01', '1', '0', '3', '2020-04-03'),
(2684, '7.50', '1', '18.01', '1', '0', '4', '2020-04-03'),
(2685, '7.50', '1', '18.01', '1', '0', '5', '2020-04-03'),
(2686, '7.50', '1', '18.01', '1', '0', '99', '2020-04-03'),
(2687, '7.50', '1', '18.01', '1', '0', '3', '2020-04-04'),
(2688, '7.50', '1', '18.01', '1', '0', '4', '2020-04-04'),
(2689, '7.50', '1', '18.01', '1', '0', '5', '2020-04-04'),
(2690, '7.50', '1', '18.01', '1', '0', '99', '2020-04-04'),
(2691, '7.50', '1', '18.01', '1', '2', '3', '2020-04-05'),
(2692, '7.50', '1', '18.01', '1', '0', '4', '2020-04-05'),
(2693, '7.50', '1', '18.01', '1', '0', '5', '2020-04-05'),
(2694, '7.50', '0', '18.01', '1', '2', '99', '2020-04-05'),
(2695, '7.50', '1', '18.01', '1', '0', '3', '2020-04-06'),
(2696, '7.50', '1', '18.01', '1', '0', '4', '2020-04-06'),
(2697, '7.50', '1', '18.01', '1', '0', '5', '2020-04-06'),
(2698, '7.50', '1', '18.01', '0', '0', '99', '2020-04-06'),
(2699, '7.50', '1', '18.01', '1', '0', '3', '2020-04-07'),
(2700, '7.50', '1', '18.01', '1', '0', '4', '2020-04-07'),
(2701, '7.50', '1', '18.01', '1', '0', '5', '2020-04-07'),
(2702, '7.50', '1', '18.01', '1', '0', '99', '2020-04-07'),
(2703, '7.50', '1', '18.01', '1', '0', '3', '2020-04-08'),
(2704, '7.50', '1', '18.01', '1', '0', '4', '2020-04-08'),
(2705, '7.50', '1', '18.01', '1', '0', '5', '2020-04-08'),
(2706, '7.50', '1', '18.01', '1', '0', '99', '2020-04-08'),
(2707, '7.50', '1', '18.01', '1', '0', '3', '2020-04-09'),
(2708, '7.50', '1', '18.01', '1', '0', '4', '2020-04-09'),
(2709, '7.50', '1', '18.01', '1', '0', '5', '2020-04-09'),
(2710, '7.50', '1', '18.01', '1', '0', '99', '2020-04-09'),
(2711, '7.50', '1', '18.01', '1', '0', '3', '2020-04-10'),
(2712, '7.50', '1', '18.01', '1', '0', '4', '2020-04-10'),
(2713, '7.50', '1', '18.01', '1', '0', '5', '2020-04-10'),
(2714, '7.50', '1', '18.01', '1', '0', '99', '2020-04-10'),
(2715, '7.50', '1', '18.01', '1', '0', '3', '2020-04-11'),
(2716, '7.50', '1', '18.01', '1', '0', '4', '2020-04-11'),
(2717, '7.50', '1', '18.01', '1', '0', '5', '2020-04-11'),
(2718, '7.50', '1', '18.01', '1', '0', '99', '2020-04-11'),
(2719, '7.50', '1', '18.01', '1', '0', '3', '2020-04-12'),
(2720, '7.50', '1', '18.01', '1', '3', '4', '2020-04-12'),
(2721, '7.50', '1', '18.01', '1', '0', '5', '2020-04-12'),
(2722, '7.50', '1', '18.01', '1', '0', '99', '2020-04-12'),
(2723, '7.50', '1', '18.01', '1', '0', '3', '2020-04-13'),
(2724, '7.50', '1', '18.01', '1', '1', '4', '2020-04-13'),
(2725, '7.50', '1', '18.01', '1', '0', '5', '2020-04-13'),
(2726, '7.50', '1', '18.01', '1', '0', '99', '2020-04-13'),
(2727, '7.50', '1', '18.01', '1', '0', '3', '2020-04-14'),
(2728, '7.50', '1', '18.01', '1', '0', '4', '2020-04-14'),
(2729, '7.50', '1', '18.01', '1', '0', '5', '2020-04-14'),
(2730, '7.50', '1', '18.01', '1', '0', '99', '2020-04-14'),
(2731, '7.50', '1', '18.01', '1', '0', '3', '2020-04-15'),
(2732, '7.50', '1', '18.01', '1', '0', '4', '2020-04-15'),
(2733, '7.50', '1', '18.01', '1', '0', '5', '2020-04-15'),
(2734, '7.50', '1', '18.01', '1', '0', '99', '2020-04-15'),
(2735, '7.50', '1', '18.01', '1', '0', '3', '2020-04-16'),
(2736, '7.50', '1', '18.01', '1', '0', '4', '2020-04-16'),
(2737, '7.50', '1', '18.01', '1', '0', '5', '2020-04-16'),
(2738, '7.50', '1', '18.01', '1', '0', '99', '2020-04-16'),
(2739, '7.50', '1', '18.01', '1', '0', '3', '2020-04-17'),
(2740, '7.50', '1', '18.01', '1', '0', '4', '2020-04-17'),
(2741, '7.50', '1', '18.01', '1', '0', '5', '2020-04-17'),
(2742, '7.50', '1', '18.01', '1', '0', '99', '2020-04-17'),
(2743, '7.50', '1', '18.01', '1', '0', '3', '2020-04-18'),
(2744, '7.50', '1', '18.01', '1', '0', '4', '2020-04-18'),
(2745, '7.50', '1', '18.01', '1', '0', '5', '2020-04-18'),
(2746, '7.50', '1', '18.01', '1', '0', '99', '2020-04-18'),
(2747, '7.50', '1', '18.01', '1', '0', '3', '2020-04-19'),
(2748, '7.50', '1', '18.01', '1', '0', '4', '2020-04-19'),
(2749, '7.50', '1', '18.01', '1', '0', '5', '2020-04-19'),
(2750, '7.50', '1', '18.01', '1', '0', '99', '2020-04-19'),
(2751, '7.50', '1', '18.01', '1', '0', '3', '2020-04-20'),
(2752, '7.50', '1', '18.01', '1', '0', '4', '2020-04-20'),
(2753, '7.50', '1', '18.01', '1', '0', '5', '2020-04-20'),
(2754, '8.12', '0', '18.01', '1', '0', '99', '2020-04-20'),
(2755, '7.50', '1', '18.01', '1', '0', '3', '2020-04-21'),
(2756, '7.50', '1', '18.01', '1', '0', '4', '2020-04-21'),
(2757, '7.50', '1', '18.01', '1', '0', '5', '2020-04-21'),
(2758, '7.50', '1', '18.01', '1', '0', '99', '2020-04-21'),
(2759, '7.50', '1', '18.01', '1', '0', '3', '2020-04-22'),
(2760, '7.50', '1', '18.01', '1', '0', '4', '2020-04-22'),
(2761, '7.50', '1', '18.01', '1', '0', '5', '2020-04-22'),
(2762, '7.50', '1', '16.00', '0', '0', '99', '2020-04-22'),
(2763, '7.50', '1', '18.01', '1', '0', '3', '2020-04-23'),
(2764, '7.50', '1', '18.01', '1', '0', '4', '2020-04-23'),
(2765, '7.50', '1', '18.01', '1', '0', '5', '2020-04-23'),
(2766, '7.50', '1', '18.01', '1', '0', '99', '2020-04-23'),
(2767, '7.50', '1', '18.01', '1', '0', '3', '2020-04-24'),
(2768, '7.50', '1', '18.01', '1', '0', '4', '2020-04-24'),
(2769, '7.50', '1', '18.01', '1', '0', '5', '2020-04-24'),
(2770, '7.50', '1', '18.01', '1', '0', '99', '2020-04-24'),
(2771, '7.50', '1', '18.01', '1', '3', '3', '2020-04-25'),
(2772, '7.50', '1', '18.01', '1', '0', '4', '2020-04-25'),
(2773, '7.50', '1', '18.01', '1', '0', '5', '2020-04-25'),
(2774, '7.50', '1', '18.01', '1', '0', '99', '2020-04-25'),
(2775, '7.50', '1', '17.30', '0', '0', '3', '2020-04-26'),
(2776, '7.50', '1', '18.01', '1', '2', '4', '2020-04-26'),
(2777, '7.50', '1', '18.01', '1', '0', '5', '2020-04-26'),
(2778, '7.50', '1', '18.01', '1', '0', '99', '2020-04-26'),
(2779, '8.15', '0', '18.01', '1', '0', '3', '2020-04-27'),
(2780, '7.50', '1', '18.01', '1', '0', '4', '2020-04-27'),
(2781, '7.50', '1', '18.01', '1', '0', '5', '2020-04-27'),
(2782, '7.50', '1', '18.01', '1', '0', '99', '2020-04-27'),
(2783, '7.50', '1', '18.01', '1', '0', '3', '2020-04-28'),
(2784, '7.50', '1', '18.01', '1', '1', '4', '2020-04-28'),
(2785, '7.50', '1', '18.01', '1', '0', '5', '2020-04-28'),
(2786, '7.50', '1', '18.01', '1', '0', '99', '2020-04-28'),
(2787, '7.50', '1', '18.01', '1', '0', '3', '2020-04-29'),
(2788, '7.50', '1', '18.01', '1', '1', '4', '2020-04-29'),
(2789, '7.50', '1', '18.01', '1', '2', '5', '2020-04-29'),
(2790, '7.50', '1', '18.01', '1', '0', '99', '2020-04-29'),
(2791, '7.50', '1', '18.01', '1', '0', '3', '2020-04-30'),
(2792, '7.50', '1', '18.01', '1', '0', '4', '2020-04-30'),
(2793, '7.50', '1', '18.01', '1', '1', '5', '2020-04-30'),
(2794, '7.50', '1', '18.01', '1', '0', '99', '2020-04-30'),
(2795, '23.07', '0', '23.22', '1', '0', '3', '2020-05-10'),
(2796, '23.02', '0', '23.02', '1', '0', '3', '2020-05-12'),
(2797, '23.10', '0', '23.11', '1', '0', '4', '2020-05-12'),
(2798, '23.14', '0', '23.14', '1', '2', '5', '2020-05-12');

-- --------------------------------------------------------

--
-- 表的结构 `tips`
--

CREATE TABLE `tips` (
  `id` int(11) NOT NULL,
  `title` varchar(50) NOT NULL,
  `content` varchar(500) NOT NULL,
  `create_time` datetime NOT NULL DEFAULT current_timestamp()
) ENGINE=InnoDB DEFAULT CHARSET=utf8mb4;

--
-- 转存表中的数据 `tips`
--

INSERT INTO `tips` (`id`, `title`, `content`, `create_time`) VALUES
(1, '5-11公告', '下午三点办公室开会', '2020-05-11 20:02:30'),
(2, '111', '222', '2020-05-11 20:09:55'),
(3, '111', '222', '2020-05-11 20:11:36'),
(4, 'ssd', 'dddd', '2020-05-11 20:39:11'),
(5, '22', '22222', '2020-05-12 22:09:52'),
(6, '5月13  收割公告', '抄底华天 冲啊', '2020-05-12 22:21:45'),
(7, '点点滴滴', '11123343', '2020-05-12 22:26:05'),
(8, '大家快交论文了', '请尽快交论文', '2020-05-12 23:20:00'),
(9, '问问', '谁谁谁', '2020-05-12 23:20:30');

-- --------------------------------------------------------

--
-- 表的结构 `user`
--

CREATE TABLE `user` (
  `id` int(10) NOT NULL,
  `user_name` varchar(20) NOT NULL,
  `user_email` varchar(30) NOT NULL,
  `user_password` varchar(20) NOT NULL,
  `role` int(10) NOT NULL DEFAULT 0,
  `salary` varchar(100) NOT NULL,
  `user_phone` varchar(11) NOT NULL,
  `create_time` datetime(6) NOT NULL DEFAULT current_timestamp(6),
  `workStatus` varchar(15) NOT NULL
) ENGINE=InnoDB DEFAULT CHARSET=utf8mb4;

--
-- 转存表中的数据 `user`
--

INSERT INTO `user` (`id`, `user_name`, `user_email`, `user_password`, `role`, `salary`, `user_phone`, `create_time`, `workStatus`) VALUES
(1, 'admin', 'qingyi.zongbu@qq.cn', '111111', 0, '10000', '001', '0000-00-00 00:00:00.000000', '0'),
(3, '张经理', 'qingyi@qq.com2', '111111', 1, '5000', '002', '0000-00-00 00:00:00.000000', '1'),
(4, '张员工', '1', '111111', 2, '5000', '003', '2020-04-29 23:59:33.178010', '1'),
(5, '王员工', 'qqqq@qq.com', '111111', 2, '5000', '004', '2020-04-30 00:11:01.990407', '1'),
(99, '夏员工', 'qqq@qq.com', '111111', 3, '5000', '005', '0000-00-00 00:00:00.000000', '1'),
(131, '赵大葱', '啊啊啊', '111111', 2, '5000', '006', '2020-05-11 21:10:53.018236', '1');

--
-- 转储表的索引
--

--
-- 表的索引 `company`
--
ALTER TABLE `company`
  ADD PRIMARY KEY (`id`);

--
-- 表的索引 `outjob`
--
ALTER TABLE `outjob`
  ADD PRIMARY KEY (`id`);

--
-- 表的索引 `salary`
--
ALTER TABLE `salary`
  ADD PRIMARY KEY (`salary_id`);

--
-- 表的索引 `signed`
--
ALTER TABLE `signed`
  ADD PRIMARY KEY (`id`);

--
-- 表的索引 `tips`
--
ALTER TABLE `tips`
  ADD PRIMARY KEY (`id`);

--
-- 表的索引 `user`
--
ALTER TABLE `user`
  ADD PRIMARY KEY (`id`);

--
-- 在导出的表使用AUTO_INCREMENT
--

--
-- 使用表AUTO_INCREMENT `company`
--
ALTER TABLE `company`
  MODIFY `id` int(11) NOT NULL AUTO_INCREMENT, AUTO_INCREMENT=2;

--
-- 使用表AUTO_INCREMENT `outjob`
--
ALTER TABLE `outjob`
  MODIFY `id` int(11) NOT NULL AUTO_INCREMENT, AUTO_INCREMENT=5;

--
-- 使用表AUTO_INCREMENT `salary`
--
ALTER TABLE `salary`
  MODIFY `salary_id` int(11) NOT NULL AUTO_INCREMENT, AUTO_INCREMENT=40;

--
-- 使用表AUTO_INCREMENT `signed`
--
ALTER TABLE `signed`
  MODIFY `id` int(100) NOT NULL AUTO_INCREMENT, AUTO_INCREMENT=2799;

--
-- 使用表AUTO_INCREMENT `tips`
--
ALTER TABLE `tips`
  MODIFY `id` int(11) NOT NULL AUTO_INCREMENT, AUTO_INCREMENT=10;

--
-- 使用表AUTO_INCREMENT `user`
--
ALTER TABLE `user`
  MODIFY `id` int(10) NOT NULL AUTO_INCREMENT, AUTO_INCREMENT=134;
COMMIT;

/*!40101 SET CHARACTER_SET_CLIENT=@OLD_CHARACTER_SET_CLIENT */;
/*!40101 SET CHARACTER_SET_RESULTS=@OLD_CHARACTER_SET_RESULTS */;
/*!40101 SET COLLATION_CONNECTION=@OLD_COLLATION_CONNECTION */;
